cluster,count,pct,avg_calls,avg_incoming,avg_dispersion,avg_student_calls,avg_imei_changes,fraud_rate
0,8760,70.0351774864087,23.984360730593608,0.1884703196347032,0.0,0.11632420091324201,0.0,76.87214611872146
2,3617,28.917492804605054,73.23113077135748,0.5814210671827481,0.0,0.34669615703621787,0.0251589715233619,61.542714957146806
1,83,0.6635753118004477,64.86746987951807,1.4819277108433735,1.0,0.0,1.0,0.0
3,47,0.3757595139110969,127.02127659574468,24.46808510638298,0.0,2.382978723404255,0.02127659574468085,0.0
4,1,0.00799488327470419,134.0,3.0,0.0,17.0,0.0,0.0
