cluster,count,pct,avg_age,pct_age_18_22,avg_mainland_calls,avg_overseas_calls,avg_callback,avg_answered,fraud_rate
2,13,0.022753128555176336,29.23076923076923,15.384615384615385,0.15384615384615385,4.0,0.0,0.6153846153846154,61.53846153846154
4,4,0.0070009626323619505,31.75,0.0,0.0,0.5,19.75,4.25,25.0
1,16105,28.1876257985473,30.69549829245576,0.0,0.24551381558522198,2.656628376280658,0.0019248680533995653,0.01055572803477181,0.8072027320707855
0,41012,71.78086986960707,21.868014239734713,57.64898078611138,0.43280015605188726,7.209475275529114,0.0003169803959816639,0.0056324978055203355,0.43158100068272703
3,1,0.0017502406580904876,22.0,100.0,0.0,11.0,0.0,0.0,0.0
